,0
0,"b'[\n  [\n    2,\n    2023,\n    ""2023-07-19 21:00:20""\n  ],\n  [\n    1,\n    2023,\n    ""2023-04-19 19:49:10""\n  ],\n  [\n    4,\n    2022,\n '"
1,"b'   ""2023-01-25 19:08:05""\n  ],\n  [\n    3,\n    2022,\n    ""2022-10-19 20:02:09""\n  ],\n  [\n    1,\n    2022,\n    ""2022-04-19 21:21:02""'"
2,"b'\n  ],\n  [\n    4,\n    2021,\n    ""2022-01-24 20:36:02""\n  ],\n  [\n    3,\n    2021,\n    ""2021-10-20 20:57:05""\n  ],\n  [\n    2,\n    202'"
3,"b'1,\n    ""2021-07-20 00:35:37""\n  ],\n  [\n    1,\n    2021,\n    ""2021-04-19 23:27:10""\n  ],\n  [\n    4,\n    2020,\n    ""2021-01-21 22:18'"
4,"b':04""\n  ],\n  [\n    3,\n    2020,\n    ""2020-10-20 17:00:00""\n  ],\n  [\n    2,\n    2020,\n    ""2020-07-21 17:00:00""\n  ],\n  [\n    1,\n   '"
5,"b' 2020,\n    ""2020-04-21 17:00:00""\n  ],\n  [\n    4,\n    2019,\n    ""2020-01-21 22:45:07""\n  ],\n  [\n    3,\n    2019,\n    ""2019-10-16 2'"
6,"b'3:22:04""\n  ],\n  [\n    2,\n    2019,\n    ""2019-07-17 19:58:06""\n  ],\n  [\n    1,\n    2019,\n    ""2019-04-16 20:53:08""\n  ],\n  [\n    4,'"
7,"b'\n    2018,\n    ""2019-01-22 20:06:06""\n  ],\n  [\n    3,\n    2018,\n    ""2018-10-16 20:54:17""\n  ],\n  [\n    2,\n    2018,\n    ""2018-07-'"
8,"b'18 21:13:06""\n  ],\n  [\n    1,\n    2018,\n    ""2018-04-18 00:32:09""\n  ],\n  [\n    4,\n    2017,\n    ""2018-01-18 21:23:08""\n  ],\n  [\n  '"
9,"b'  3,\n    2017,\n    ""2017-10-17 22:40:04""\n  ],\n  [\n    2,\n    2017,\n    ""2017-07-19 00:19:05""\n  ],\n  [\n    1,\n    2017,\n    ""2017'"
10,"b'-04-18 22:02:06""\n  ],\n  [\n    4,\n    2016,\n    ""2017-01-19 20:19:05""\n  ],\n  [\n    3,\n    2016,\n    ""2016-10-17 23:28:04""\n  ],\n  '"
11,"b'[\n    2,\n    2016,\n    ""2016-07-19 00:28:17""\n  ],\n  [\n    1,\n    2016,\n    ""2016-04-18 23:27:17""\n  ],\n  [\n    4,\n    2015,\n    ""'"
12,"b'2016-01-20 17:00:00""\n  ],\n  [\n    3,\n    2015,\n    ""2015-10-19 20:14:04""\n  ],\n  [\n    2,\n    2015,\n    ""2015-07-20 19:14:07""\n  ]'"
13,"b',\n  [\n    1,\n    2015,\n    ""2015-04-20 22:51:09""\n  ],\n  [\n    4,\n    2014,\n    ""2015-01-20 20:49:11""\n  ],\n  [\n    3,\n    2014,\n '"
14,"b'   ""2014-10-20 15:36:03""\n  ],\n  [\n    2,\n    2014,\n    ""2014-07-17 21:08:06""\n  ],\n  [\n    1,\n    2014,\n    ""2014-04-16 23:30:06""'"
15,"b'\n  ],\n  [\n    4,\n    2013,\n    ""2014-01-21 19:57:03""\n  ],\n  [\n    3,\n    2013,\n    ""2013-10-16 18:01:48""\n  ],\n  [\n    2,\n    201'"
16,"b'3,\n    ""2013-07-17 18:52:04""\n  ],\n  [\n    1,\n    2013,\n    ""2013-04-18 18:44:04""\n  ],\n  [\n    4,\n    2012,\n    ""2013-01-22 20:12'"
17,"b':03""\n  ],\n  [\n    3,\n    2012,\n    ""2012-10-17 03:43:02""\n  ],\n  [\n    2,\n    2012,\n    ""2012-07-18 18:06:03""\n  ],\n  [\n    1,\n   '"
18,"b' 2012,\n    ""2012-04-17 19:40:04""\n  ],\n  [\n    4,\n    2011,\n    ""2012-01-19 20:20:05""\n  ],\n  [\n    3,\n    2011,\n    ""2011-10-17 2'"
19,"b'0:00:10""\n  ],\n  [\n    2,\n    2011,\n    ""2011-07-18 17:20:21""\n  ],\n  [\n    1,\n    2011,\n    ""2011-04-19 20:00:15""\n  ],\n  [\n    4,'"
20,"b'\n    2010,\n    ""2011-01-18 21:05:15""\n  ],\n  [\n    3,\n    2010,\n    ""2010-10-18 18:10:32""\n  ],\n  [\n    2,\n    2010,\n    ""2010-07-'"
21,"b'19 22:19:14""\n  ],\n  [\n    1,\n    2010,\n    ""2010-04-19 19:40:22""\n  ],\n  [\n    4,\n    2009,\n    ""2010-01-19 20:38:08""\n  ],\n  [\n  '"
22,"b'  3,\n    2009,\n    ""2009-10-15 20:00:16""\n  ],\n  [\n    2,\n    2009,\n    ""2009-07-16 20:28:21""\n  ],\n  [\n    1,\n    2009,\n    ""2009'"
23,"b'-04-20 22:04:30""\n  ],\n  [\n    4,\n    2008,\n    ""2009-02-12 00:53:13""\n  ],\n  [\n    3,\n    2008,\n    ""2008-10-16 19:52:09""\n  ],\n  '"
24,"b'[\n    2,\n    2008,\n    ""2008-07-17 22:28:18""\n  ],\n  [\n    1,\n    2008,\n    ""2008-04-16 19:13:10""\n  ],\n  [\n    4,\n    2007,\n    ""'"
25,"b'2008-01-17 20:21:23""\n  ],\n  [\n    3,\n    2007,\n    ""2007-10-16 20:16:00""\n  ],\n  [\n    2,\n    2007,\n    ""2007-07-18 21:15:30""\n  ]'"
26,"b',\n  [\n    1,\n    2007,\n    ""2007-04-17 19:25:33""\n  ],\n  [\n    4,\n    2006,\n    ""2007-01-18 22:49:06""\n  ],\n  [\n    3,\n    2006,\n '"
27,"b'   ""2006-10-17 19:01:56""\n  ],\n  [\n    2,\n    2006,\n    ""2006-07-18 19:55:39""\n  ],\n  [\n    1,\n    2006,\n    ""2006-04-19 12:17:04""'"
28,"b'\n  ],\n  [\n    4,\n    2005,\n    ""2006-01-18 04:00:48""\n  ]\n]'"
